{"usingComponents":{"OfficialAccountBar":"/components/OfficialAccountBar/OfficialAccountBar","FIFA":"/components/FIFA/FIFA","ActionSheet":"/components/ActionSheet/ActionSheet","ReserveNotFound":"/components/ReserveNotFound/ReserveNotFound","DatePicker":"/components/DatePicker/DateTimePicker","JustifyParagraph":"/components/JustifyParagraph/JustifyParagraph","Layout":"/components/Layout/Layout","Loading":"/components/Loading/Loading","UserAvatar":"/components/UserAvatar/UserAvatar","van-circle":"/./miniprogram_npm/@vant/weapp/circle/index","van-popup":"/./miniprogram_npm/@vant/weapp/popup/index"}}