{"navigationBarBackgroundColor":"#ffffff","backgroundColor":"#ffffff","backgroundColorTop":"#ffffff","backgroundColorBottom":"#ffffff","onReachBottomDistance":400,"usingComponents":{"DatePicker":"/components/DatePicker/DateTimePicker","JustifyParagraph":"/components/JustifyParagraph/JustifyParagraph","Layout":"/components/Layout/Layout","Loading":"/components/Loading/Loading","OfficialAccountBar":"/components/OfficialAccountBar/OfficialAccountBar","UserAvatar":"/components/UserAvatar/UserAvatar","van-circle":"/./miniprogram_npm/@vant/weapp/circle/index","van-popup":"/./miniprogram_npm/@vant/weapp/popup/index"}}