{"usingComponents":{"Loading":"/components/Loading/Loading","PageError":"/components/PageError/PageError","DatePicker":"/components/DatePicker/DateTimePicker","JustifyParagraph":"/components/JustifyParagraph/JustifyParagraph","Layout":"/components/Layout/Layout","OfficialAccountBar":"/components/OfficialAccountBar/OfficialAccountBar","UserAvatar":"/components/UserAvatar/UserAvatar","van-circle":"/./miniprogram_npm/@vant/weapp/circle/index","van-popup":"/./miniprogram_npm/@vant/weapp/popup/index"}}