{"component":true,"usingComponents":{"EventSimpleCard":"/components/EventSimpleCard/index","privacy-popup":"../../miniprogram_npm/@mina-components/privacy-popup/index","user-profile-views":"../../miniprogram_npm/@mina-components/user-profile-views/index","DatePicker":"/components/DatePicker/DateTimePicker","JustifyParagraph":"/components/JustifyParagraph/JustifyParagraph","Layout":"/components/Layout/Layout","Loading":"/components/Loading/Loading","OfficialAccountBar":"/components/OfficialAccountBar/OfficialAccountBar","UserAvatar":"/components/UserAvatar/UserAvatar","van-circle":"/./miniprogram_npm/@vant/weapp/circle/index","van-popup":"/./miniprogram_npm/@vant/weapp/popup/index"}}