{"component":true,"usingComponents":{"RecordsDialog":"/components/event/RecordsDialog/RecordsDialog","TextTip":"/components/TextTip/TextTip","EventGroupSettingDialog":"/components/EventGroupSettingDialog/EventGroupSettingDialog","ActionSheet":"/components/ActionSheet/ActionSheet","UserDialog":"/components/UserDialog/UserDialog","GroupUsersDialog":"/components/GroupUsersDialog/UsersDialog","DatePicker":"/components/DatePicker/DateTimePicker","JustifyParagraph":"/components/JustifyParagraph/JustifyParagraph","Layout":"/components/Layout/Layout","Loading":"/components/Loading/Loading","OfficialAccountBar":"/components/OfficialAccountBar/OfficialAccountBar","UserAvatar":"/components/UserAvatar/UserAvatar","van-circle":"/./miniprogram_npm/@vant/weapp/circle/index","van-popup":"/./miniprogram_npm/@vant/weapp/popup/index"}}